caldt,vwretd,vwretx,ewretd,ewretx,sprtrn
01/31/1948,-0.037743,-0.038905,-0.017680,-0.019590,-0.039869
02/28/1948,-0.040232,-0.047782,-0.047395,-0.053806,-0.046971
03/31/1948,0.081440,0.077022,0.100368,0.095031,0.077143
04/30/1948,0.030821,0.028537,0.034635,0.032835,0.026525
05/28/1948,0.084014,0.077523,0.077794,0.071325,0.078165
06/30/1948,0.007665,0.003687,0.010301,0.005884,0.002996
07/30/1948,-0.052296,-0.053144,-0.048966,-0.050497,-0.053166
08/31/1948,0.015539,0.008123,0.017540,0.011143,0.007571
09/30/1948,-0.027016,-0.031159,-0.036962,-0.041290,-0.030056
10/30/1948,0.070041,0.067023,0.059347,0.056643,0.067786
11/30/1948,-0.098332,-0.109939,-0.109582,-0.119509,-0.108223
12/31/1948,0.035952,0.029719,0.028019,0.020678,0.030508
01/31/1949,0.002676,0.001377,0.014855,0.012807,0.001316
02/28/1949,-0.031639,-0.041472,-0.028418,-0.036201,-0.039422
03/31/1949,0.033981,0.029349,0.042145,0.036673,0.030096
04/30/1949,-0.018691,-0.021717,-0.028888,-0.030948,-0.021248
05/31/1949,-0.029423,-0.037792,-0.026519,-0.034655,-0.037313
06/30/1949,0.001744,-0.003269,-0.006710,-0.011614,-0.002114
07/29/1949,0.062732,0.061657,0.056199,0.054321,0.062147
08/31/1949,0.021800,0.011738,0.023593,0.015023,0.011968
09/30/1949,0.027415,0.024293,0.034209,0.030226,0.023653
10/31/1949,0.029780,0.028437,0.018565,0.016267,0.029525
11/30/1949,0.020738,0.000482,0.018941,0.007634,0.001247
12/31/1949,0.050984,0.046034,0.068272,0.061708,0.043587
01/31/1950,0.019703,0.018245,0.033964,0.031615,0.017303
02/28/1950,0.019603,0.009975,0.018479,0.011781,0.009971
03/31/1950,0.008185,0.003542,0.004111,-0.001171,0.004065
04/29/1950,0.045887,0.044493,0.035929,0.033728,0.045113
05/31/1950,0.046902,0.037590,0.025339,0.017750,0.039292
06/30/1950,-0.054224,-0.057849,-0.072075,-0.076445,-0.058040
07/31/1950,0.016981,0.015875,0.049028,0.046996,0.008479
08/31/1950,0.048063,0.031526,0.034931,0.025701,0.032511
09/29/1950,0.059466,0.056510,0.064843,0.060597,0.055917
10/31/1950,0.005084,0.003425,-0.007084,-0.010040,0.004113
11/30/1950,0.022430,-0.000073,0.028721,0.014962,-0.001024
12/30/1950,0.055425,0.051025,0.079679,0.071878,0.046130
01/31/1951,0.065105,0.063309,0.072271,0.069941,0.061244
02/28/1951,0.014546,0.004185,0.009446,0.002608,0.006464
03/31/1951,-0.017484,-0.019706,-0.024806,-0.028969,-0.018349
04/30/1951,0.049108,0.047903,0.031718,0.029388,0.048131
05/31/1951,-0.029979,-0.040917,-0.022844,-0.030399,-0.040571
06/29/1951,-0.025848,-0.028186,-0.041803,-0.045824,-0.026022
07/31/1951,0.070935,0.070014,0.077191,0.074722,0.068702
08/31/1951,0.050220,0.038396,0.035093,0.027443,0.039286
09/28/1951,0.002868,0.001195,0.018520,0.014921,-0.000859
10/31/1951,-0.013321,-0.015088,-0.023051,-0.025892,-0.013758
11/30/1951,0.011388,-0.002574,0.014761,0.004767,-0.002616
12/31/1951,0.041815,0.038467,0.027918,0.021387,0.038899
01/31/1952,0.017768,0.016303,0.020778,0.018507,0.015566
02/29/1952,-0.025241,-0.035743,-0.016045,-0.023296,-0.036454
03/31/1952,0.052805,0.050655,0.045030,0.040612,0.047721
04/30/1952,-0.041423,-0.043268,-0.035340,-0.038039,-0.043086
05/29/1952,0.033698,0.023274,0.028118,0.020946,0.023156
06/30/1952,0.047832,0.045795,0.039012,0.034668,0.046102
07/31/1952,0.019129,0.017659,0.018871,0.016768,0.017628
08/29/1952,-0.005674,-0.015007,-0.004182,-0.010595,-0.014567
09/30/1952,-0.018085,-0.020098,-0.018359,-0.022090,-0.019577
10/31/1952,0.000320,-0.001244,-0.011536,-0.014703,-0.000815
11/28/1952,0.061382,0.048273,0.076125,0.066683,0.046493
12/31/1952,0.038215,0.035725,0.035868,0.030850,0.035464
01/30/1953,-0.006207,-0.006795,0.006762,0.005373,-0.007151
02/27/1953,-0.007540,-0.017804,-0.006503,-0.013630,-0.018196
03/31/1953,-0.022288,-0.024368,-0.016475,-0.020824,-0.023552
04/30/1953,-0.025308,-0.026832,-0.024339,-0.026714,-0.026493
05/29/1953,0.007401,-0.002730,0.009466,0.002360,-0.003249
06/30/1953,-0.014266,-0.016183,-0.018330,-0.022198,-0.016300
07/31/1953,0.026314,0.024844,0.023165,0.020736,0.025269
08/31/1953,-0.050101,-0.060097,-0.055387,-0.062175,-0.057778
09/30/1953,0.002187,0.000072,-0.006662,-0.010568,0.001286
10/30/1953,0.051046,0.049806,0.042035,0.039158,0.050964
11/30/1953,0.023763,0.009879,0.026921,0.016747,0.008965
12/31/1953,0.001713,-0.001189,-0.010892,-0.016379,0.002019
01/29/1954,0.053486,0.052586,0.060393,0.058423,0.051189
02/26/1954,0.012916,0.002343,0.009183,0.001406,0.002684
03/31/1954,0.030530,0.028423,0.024439,0.019603,0.030210
04/30/1954,0.048358,0.047140,0.018966,0.016994,0.048998
05/28/1954,0.042777,0.033606,0.044412,0.037575,0.032909
06/30/1954,0.002467,0.000533,0.013743,0.010138,0.000685
07/30/1954,0.058701,0.057780,0.059918,0.058141,0.057172
08/31/1954,-0.025894,-0.034753,-0.026370,-0.032922,-0.034003
09/30/1954,0.082500,0.080888,0.045818,0.042524,0.083138
10/29/1954,-0.017867,-0.018659,-0.009137,-0.011019,-0.019499
11/30/1954,0.095774,0.082712,0.107042,0.097434,0.080808
12/31/1954,0.054288,0.052361,0.075205,0.071814,0.050818
01/31/1955,0.018076,0.017591,0.008848,0.007644,0.018066
02/28/1955,0.013526,0.005446,0.032885,0.026669,0.003549
03/31/1955,-0.002242,-0.003851,-0.003973,-0.007475,-0.004897
04/29/1955,0.039843,0.038885,0.036513,0.034981,0.037726
05/31/1955,0.006433,-0.001081,0.012066,0.006198,-0.001317
06/30/1955,0.081300,0.079930,0.040231,0.036965,0.082300
07/29/1955,0.057646,0.057068,0.007444,0.005972,0.060687
08/31/1955,-0.000648,-0.008313,0.004282,-0.001447,-0.007813
09/30/1955,0.011286,0.010117,-0.019940,-0.022709,0.011348
10/31/1955,-0.030468,-0.031000,-0.029509,-0.031032,-0.030456
11/30/1955,0.087825,0.075124,0.069658,0.060624,0.074870
12/30/1955,-0.000309,-0.001685,0.007020,0.004091,-0.000659
01/31/1956,-0.035057,-0.036279,-0.029282,-0.031120,-0.036500
02/29/1956,0.041397,0.034458,0.035648,0.029366,0.034687
03/29/1956,0.070328,0.069226,0.057738,0.054317,0.069255
04/30/1956,-0.000637,-0.001425,-0.006672,-0.008259,-0.002063
05/31/1956,-0.058414,-0.065976,-0.045339,-0.051490,-0.065730
06/29/1956,0.038910,0.037762,0.025100,0.022321,0.039159
07/31/1956,0.051427,0.050619,0.039614,0.037923,0.051522
08/31/1956,-0.032788,-0.039976,-0.031743,-0.037397,-0.038064
09/28/1956,-0.044022,-0.045127,-0.043159,-0.046117,-0.045464
10/31/1956,0.006619,0.005298,0.004706,0.002011,0.005072
11/30/1956,-0.001921,-0.011161,-0.002676,-0.009880,-0.010970
12/31/1956,0.036284,0.034442,0.026143,0.021893,0.035271
01/31/1957,-0.040238,-0.041569,-0.007459,-0.009516,-0.041783
02/28/1957,-0.024919,-0.032823,-0.027027,-0.033574,-0.032648
03/29/1957,0.023827,0.020752,0.021729,0.017485,0.019649
04/30/1957,0.046538,0.045215,0.028393,0.026411,0.036953
05/31/1957,0.038734,0.033208,0.023925,0.018511,0.036948
06/28/1957,-0.000705,-0.003632,-0.007865,-0.011632,-0.001265
07/31/1957,0.009747,0.008217,0.002362,0.000295,0.011400
08/30/1957,-0.048998,-0.054178,-0.051084,-0.056160,-0.056147
09/30/1957,-0.057879,-0.060609,-0.049284,-0.053811,-0.061920
10/31/1957,-0.038834,-0.040549,-0.055624,-0.058402,-0.032060
11/29/1957,0.023703,0.016483,0.023873,0.017426,0.016074
12/31/1957,-0.037422,-0.041021,-0.048022,-0.053394,-0.041467
01/31/1958,0.045518,0.044330,0.099789,0.097821,0.042761
02/28/1958,-0.014109,-0.020288,-0.011325,-0.016617,-0.020624
03/31/1958,0.033052,0.029736,0.039061,0.034599,0.030852
04/30/1958,0.033511,0.032038,0.033179,0.031104,0.031829
05/29/1958,0.021313,0.015503,0.034512,0.029863,0.014963
06/30/1958,0.027998,0.024897,0.026758,0.022805,0.026083
07/31/1958,0.043960,0.042418,0.056779,0.054981,0.043103
08/29/1958,0.017999,0.013270,0.028990,0.024851,0.011867
09/30/1958,0.050837,0.047954,0.053745,0.050038,0.048377
10/31/1958,0.027370,0.025878,0.028065,0.026130,0.025370
11/28/1958,0.028617,0.023385,0.039041,0.034636,0.022404
12/31/1958,0.054112,0.051432,0.039755,0.036005,0.052020
01/30/1959,0.006331,0.005395,0.033378,0.032038,0.003804
02/27/1959,0.006711,0.002210,0.024427,0.020708,-0.000180
03/31/1959,0.003352,0.000826,0.005580,0.002336,0.000541
04/30/1959,0.040054,0.039093,0.028593,0.027249,0.038781
05/29/1959,0.023631,0.019043,0.012160,0.008451,0.018927
06/30/1959,-0.000725,-0.003196,0.006939,0.003837,-0.003579
07/31/1959,0.034504,0.033514,0.028023,0.026727,0.034890
08/31/1959,-0.011076,-0.015179,-0.014613,-0.018194,-0.015039
09/30/1959,-0.043182,-0.045586,-0.040954,-0.044783,-0.045638
10/30/1959,0.012574,0.011436,0.013011,0.011226,0.011252
11/30/1959,0.018486,0.013114,0.015520,0.010947,0.013213
12/31/1959,0.029627,0.026911,0.017537,0.013658,0.027625
01/29/1960,-0.069933,-0.070835,-0.049087,-0.050336,-0.071464
02/29/1960,0.013922,0.009129,0.007490,0.003340,0.009171
03/31/1960,-0.012566,-0.015238,-0.025784,-0.029590,-0.013899
04/29/1960,-0.016113,-0.017097,-0.015902,-0.017289,-0.017528
05/31/1960,0.033513,0.028312,0.025842,0.020907,0.026853
06/30/1960,0.021802,0.019133,0.020119,0.016784,0.019524
07/29/1960,-0.022948,-0.023813,-0.018612,-0.019928,-0.024772
08/31/1960,0.031467,0.026197,0.034033,0.028714,0.026121
09/30/1960,-0.058713,-0.060920,-0.060560,-0.063383,-0.060393
10/31/1960,-0.001079,-0.002407,-0.011490,-0.013091,-0.002429
11/30/1960,0.046081,0.039977,0.047319,0.041373,0.040270
12/30/1960,0.048839,0.046597,0.039062,0.036143,0.046273
01/31/1961,0.064320,0.063181,0.078330,0.076854,0.063156
02/28/1961,0.032838,0.028612,0.056078,0.051918,0.026870
03/30/1961,0.029345,0.027051,0.035927,0.032843,0.025536
04/28/1961,0.004537,0.003843,0.000684,-0.000324,0.003843
05/31/1961,0.023553,0.018924,0.043181,0.038794,0.019139
06/30/1961,-0.026673,-0.028725,-0.036306,-0.038926,-0.028846
07/31/1961,0.033795,0.033119,0.017996,0.016974,0.032797
08/31/1961,0.024730,0.019511,0.027919,0.023491,0.019623
09/29/1961,-0.018674,-0.019877,-0.025485,-0.027654,-0.019686
10/31/1961,0.028175,0.026791,0.022914,0.021595,0.028323
11/30/1961,0.045226,0.039324,0.041196,0.036662,0.039347
12/29/1961,0.004696,0.003465,-0.001532,-0.003924,0.003225
01/31/1962,-0.037356,-0.038692,-0.012560,-0.013858,-0.037876
02/28/1962,0.020592,0.016147,0.014284,0.010451,0.016270
03/30/1962,-0.003842,-0.005137,-0.008335,-0.010767,-0.005860
04/30/1962,-0.061743,-0.062443,-0.067393,-0.068373,-0.061970
05/31/1962,-0.079847,-0.085499,-0.089426,-0.093902,-0.085990
06/29/1962,-0.080669,-0.082222,-0.081229,-0.084086,-0.081838
07/31/1962,0.065203,0.063969,0.057917,0.056461,0.063562
08/31/1962,0.021669,0.015803,0.021886,0.017040,0.015284
09/28/1962,-0.048816,-0.050259,-0.058491,-0.061188,-0.048207
10/31/1962,0.008313,0.006405,-0.008516,-0.010464,0.004443
11/30/1962,0.108268,0.100528,0.132839,0.127246,0.101557
12/31/1962,0.015534,0.014040,-0.003741,-0.006833,0.013492
01/31/1963,0.050367,0.048957,0.073533,0.072098,0.049128
02/28/1963,-0.024189,-0.029164,-0.013529,-0.017706,-0.028852
03/29/1963,0.036581,0.035156,0.024483,0.021636,0.035464
04/30/1963,0.049070,0.048177,0.045601,0.044409,0.048520
05/31/1963,0.019674,0.013844,0.032577,0.028163,0.014327
06/28/1963,-0.018605,-0.019806,-0.015077,-0.017482,-0.020198
07/31/1963,-0.001821,-0.003131,-0.011361,-0.012758,-0.003460
08/30/1963,0.053466,0.048496,0.057987,0.053718,0.048749
09/30/1963,-0.010402,-0.011579,-0.019518,-0.021910,-0.011034
10/31/1963,0.034825,0.033290,0.026247,0.024639,0.032218
11/29/1963,-0.004487,-0.011085,-0.004267,-0.008521,-0.010539
12/31/1963,0.026065,0.024651,0.017259,0.013928,0.024444
01/31/1964,0.027391,0.026373,0.019843,0.018579,0.026926
02/28/1964,0.017015,0.012171,0.028215,0.024235,0.009865
03/31/1964,0.017232,0.015814,0.032726,0.029991,0.015167
04/30/1964,0.006192,0.005297,0.002203,0.000905,0.006077
05/28/1964,0.016815,0.011460,0.018079,0.014185,0.011452
06/30/1964,0.018084,0.016779,0.020368,0.017715,0.016424
07/31/1964,0.018910,0.017953,0.024316,0.022954,0.018240
08/31/1964,-0.011621,-0.016285,-0.008929,-0.012554,-0.016230
09/30/1964,0.030399,0.029022,0.034314,0.031397,0.028718
10/30/1964,0.008745,0.007566,0.016293,0.014895,0.008078
11/30/1964,0.001598,-0.004588,-0.000224,-0.004293,-0.005185
12/31/1964,0.005228,0.003803,-0.008076,-0.011202,0.003909
01/29/1965,0.034791,0.033837,0.056642,0.055452,0.033156
02/26/1965,0.003746,-0.000853,0.025174,0.021342,-0.001485
03/31/1965,-0.012213,-0.013685,0.001846,-0.000901,-0.014526
04/30/1965,0.035612,0.034769,0.031638,0.030490,0.034239
05/28/1965,-0.003122,-0.008354,-0.006473,-0.010308,-0.007743
06/30/1965,-0.046880,-0.048367,-0.067641,-0.070336,-0.048632
07/30/1965,0.014486,0.013678,0.024595,0.023334,0.013433
08/31/1965,0.027560,0.022473,0.042121,0.037825,0.022522
09/30/1965,0.033366,0.032034,0.030380,0.027897,0.032006
10/29/1965,0.028812,0.027737,0.039076,0.037682,0.027345
11/30/1965,-0.003821,-0.010306,0.020357,0.015716,-0.008764
12/31/1965,0.010349,0.009059,0.028025,0.025533,0.008951
01/31/1966,0.005705,0.004874,0.034103,0.032999,0.004869
02/28/1966,-0.012750,-0.017548,0.003274,-0.000444,-0.017873
03/31/1966,-0.023041,-0.024608,-0.023868,-0.026598,-0.021815
04/29/1966,0.022158,0.021250,0.025064,0.023884,0.020509
05/31/1966,-0.049140,-0.054645,-0.067310,-0.071517,-0.054140
06/30/1966,-0.014380,-0.015904,-0.010593,-0.013318,-0.016138
07/29/1966,-0.012129,-0.013039,-0.012030,-0.013255,-0.013453
08/31/1966,-0.071650,-0.077487,-0.086739,-0.091723,-0.077751
09/30/1966,-0.006244,-0.007692,-0.013219,-0.015999,-0.007004
10/31/1966,0.048333,0.047244,0.025877,0.024217,0.047544
11/30/1966,0.011223,0.003741,0.029148,0.022902,0.003117
12/30/1966,0.000326,-0.001089,0.012243,0.009408,-0.001492
01/31/1967,0.079215,0.077723,0.123985,0.122261,0.078178
02/28/1967,0.007514,0.002420,0.009006,0.004642,0.001963
03/31/1967,0.041137,0.039544,0.050558,0.047743,0.039410
04/28/1967,0.043371,0.042544,0.037676,0.036484,0.042239
05/31/1967,-0.046810,-0.052314,-0.028494,-0.033227,-0.052441
06/30/1967,0.019319,0.018015,0.036536,0.034047,0.017512
07/31/1967,0.046454,0.045623,0.067561,0.066296,0.045344
08/31/1967,-0.006824,-0.012197,0.004667,0.000358,-0.011715
09/29/1967,0.033815,0.032597,0.026207,0.023875,0.032785
10/31/1967,-0.027448,-0.028701,-0.049521,-0.051078,-0.029056
11/30/1967,0.006435,0.000533,-0.000446,-0.005120,0.001065
12/29/1967,0.027079,0.025857,0.045376,0.042955,0.026277
01/31/1968,-0.041875,-0.043523,-0.012453,-0.014207,-0.043848
02/29/1968,-0.026900,-0.031973,-0.030877,-0.035072,-0.031223
03/29/1968,0.009696,0.008585,0.003825,0.001547,0.009400
04/30/1968,0.084092,0.082642,0.102252,0.100449,0.081929
05/31/1968,0.016374,0.011104,0.042876,0.038751,0.011169
06/28/1968,0.009916,0.008695,0.020069,0.017868,0.009120
07/30/1968,-0.017444,-0.018664,-0.026167,-0.027628,-0.018478
08/30/1968,0.016415,0.011259,0.025886,0.021768,0.011459
09/30/1968,0.039351,0.038210,0.054931,0.052878,0.038539
10/31/1968,0.008587,0.006751,0.013221,0.011577,0.007208
11/29/1968,0.053580,0.048659,0.068079,0.064313,0.047964
12/31/1968,-0.040826,-0.042141,-0.024460,-0.026650,-0.041617
01/31/1969,-0.007547,-0.008612,-0.004498,-0.005810,-0.008184
02/28/1969,-0.042321,-0.047384,-0.063398,-0.066978,-0.047374
03/28/1969,0.034847,0.033599,0.021137,0.018878,0.034444
04/30/1969,0.022771,0.021449,0.011765,0.010072,0.021476
05/29/1969,0.003854,-0.001862,-0.005287,-0.009088,-0.002218
06/30/1969,-0.054357,-0.055686,-0.082492,-0.084785,-0.055577
07/31/1969,-0.058632,-0.059919,-0.069726,-0.071379,-0.060178
08/29/1969,0.045728,0.040180,0.044136,0.039639,0.040074
09/30/1969,-0.023941,-0.025285,-0.018318,-0.020838,-0.025024
10/31/1969,0.046900,0.044661,0.064115,0.061804,0.044244
11/28/1969,-0.029152,-0.034433,-0.043121,-0.047190,-0.035274
12/31/1969,-0.016922,-0.018365,-0.039930,-0.042640,-0.018655
01/30/1970,-0.075398,-0.076809,-0.058388,-0.059927,-0.076472
02/27/1970,0.059521,0.053615,0.068592,0.063780,0.052693
03/31/1970,0.002806,0.001232,0.003637,0.000726,0.001453
04/30/1970,-0.088831,-0.090035,-0.108801,-0.110449,-0.090483
05/29/1970,-0.054689,-0.061112,-0.082317,-0.087107,-0.060967
06/30/1970,-0.049032,-0.050902,-0.058854,-0.062243,-0.050033
07/31/1970,0.075523,0.073219,0.081903,0.079639,0.073295
08/31/1970,0.049778,0.043782,0.062742,0.057507,0.044459
09/30/1970,0.034702,0.033021,0.065250,0.062405,0.032998
10/30/1970,-0.009032,-0.011639,-0.032163,-0.034400,-0.011400
11/30/1970,0.054387,0.048836,0.046937,0.042169,0.047447
12/31/1970,0.058684,0.057358,0.084505,0.081912,0.056766
01/29/1971,0.042828,0.041500,0.083935,0.082498,0.040477
02/26/1971,0.013317,0.008152,0.021101,0.017321,0.009074
03/31/1971,0.039068,0.037624,0.039888,0.037383,0.036796
04/30/1971,0.036965,0.035789,0.041374,0.039944,0.036288
05/28/1971,-0.037150,-0.042138,-0.041095,-0.044648,-0.041558
06/30/1971,0.002439,0.001061,-0.005647,-0.008119,0.000703
07/30/1971,-0.040827,-0.041901,-0.042866,-0.044264,-0.041324
08/31/1971,0.042036,0.036549,0.052668,0.048587,0.036095
09/30/1971,-0.005038,-0.006387,-0.014162,-0.016264,-0.006968
10/29/1971,-0.040129,-0.042015,-0.054981,-0.056837,-0.041794
11/30/1971,0.002898,-0.002029,-0.017273,-0.021114,-0.002547
12/31/1971,0.087880,0.086486,0.108969,0.106608,0.086179
01/31/1972,0.019088,0.017814,0.038139,0.036525,0.018121
02/29/1972,0.030221,0.025416,0.027578,0.024026,0.025303
03/30/1972,0.007315,0.006132,0.001281,-0.000764,0.005912
04/28/1972,0.005476,0.004658,0.004670,0.003367,0.004384
05/31/1972,0.022019,0.016763,0.000945,-0.003015,0.017275
06/30/1972,-0.020156,-0.021378,-0.031020,-0.033208,-0.021821
07/31/1972,0.003245,0.002126,-0.020226,-0.021821,0.002333
08/31/1972,0.039425,0.034649,0.041005,0.037076,0.034454
09/29/1972,-0.003277,-0.004516,-0.021428,-0.023557,-0.004861
10/31/1972,0.010878,0.009503,0.003161,0.001257,0.009317
11/30/1972,0.050297,0.045173,0.073014,0.069041,0.045617
12/29/1972,0.013663,0.012622,-0.011839,-0.013920,0.011828
01/31/1973,-0.016752,-0.018044,-0.049043,-0.050561,-0.017111
02/28/1973,-0.033818,-0.038229,-0.048057,-0.051915,-0.037490
03/30/1973,-0.001093,-0.002089,-0.013546,-0.015889,-0.001433
04/30/1973,-0.040064,-0.041236,-0.048872,-0.050663,-0.040800
05/31/1973,-0.013950,-0.019002,-0.046895,-0.051585,-0.018884
06/29/1973,-0.005178,-0.006522,-0.026751,-0.029548,-0.006575
07/31/1973,0.039128,0.037679,0.074206,0.072115,0.037982
08/31/1973,-0.031544,-0.036505,-0.020430,-0.025377,-0.036685
09/28/1973,0.042219,0.041038,0.095102,0.092735,0.040096
10/31/1973,0.000312,-0.001560,0.000370,-0.002016,-0.001291
11/30/1973,-0.107220,-0.113046,-0.150922,-0.155919,-0.113861
12/31/1973,0.017971,0.016534,0.010212,0.006804,0.016569
01/31/1974,-0.008120,-0.009749,0.070594,0.068305,-0.010046
02/28/1974,0.001992,-0.003695,0.015250,0.010419,-0.003624
03/29/1974,-0.021818,-0.023154,-0.020739,-0.024063,-0.023280
04/30/1974,-0.037649,-0.039359,-0.054491,-0.057073,-0.039051
05/31/1974,-0.026896,-0.033127,-0.062036,-0.067643,-0.033551
06/28/1974,-0.012816,-0.014583,-0.028428,-0.032315,-0.014665
07/31/1974,-0.076698,-0.078500,-0.048018,-0.050821,-0.077791
08/30/1974,-0.082177,-0.089737,-0.088521,-0.095290,-0.090279
09/30/1974,-0.117511,-0.119578,-0.080483,-0.085022,-0.119335
10/31/1974,0.168113,0.164814,0.136543,0.132523,0.163047
11/29/1974,-0.045688,-0.053816,-0.040366,-0.048104,-0.053180
12/31/1974,-0.018021,-0.020305,-0.034578,-0.039534,-0.020151
01/31/1975,0.123610,0.121698,0.231295,0.228545,0.122812
02/28/1975,0.067460,0.059497,0.047101,0.040466,0.059886
03/31/1975,0.024014,0.022122,0.068629,0.064325,0.021694
04/30/1975,0.049424,0.047293,0.043086,0.040603,0.047265
05/30/1975,0.051193,0.044794,0.059038,0.053101,0.044101
06/30/1975,0.046220,0.044342,0.064031,0.060386,0.044323
07/31/1975,-0.065504,-0.067553,-0.054769,-0.057049,-0.067654
08/29/1975,-0.015663,-0.021731,-0.028157,-0.033283,-0.021070
09/30/1975,-0.032250,-0.034226,-0.035548,-0.039229,-0.034645
10/31/1975,0.064855,0.062135,0.048020,0.044945,0.061643
11/28/1975,0.030089,0.023996,0.035285,0.030446,0.024708
12/31/1975,-0.010485,-0.012296,-0.002209,-0.005891,-0.011508
01/30/1976,0.120143,0.118545,0.160253,0.158250,0.118306
02/27/1976,-0.005756,-0.011620,0.035711,0.031245,-0.011402
03/31/1976,0.032640,0.030786,0.019319,0.015831,0.030689
04/30/1976,-0.009610,-0.010699,-0.008644,-0.010487,-0.010995
05/28/1976,-0.008116,-0.015026,-0.016461,-0.021278,-0.014364
06/30/1976,0.043959,0.042158,0.054092,0.050594,0.040926
07/30/1976,-0.007202,-0.008454,-0.006056,-0.007535,-0.008055
08/31/1976,0.001599,-0.004982,-0.010466,-0.015543,-0.005124
09/30/1976,0.024421,0.022670,0.019880,0.016850,0.022641
10/29/1976,-0.020211,-0.021995,-0.024064,-0.026095,-0.022235
11/30/1976,-0.001041,-0.008628,0.022976,0.017396,-0.007775
12/31/1976,0.053775,0.052170,0.074751,0.071956,0.052498
01/31/1977,-0.049654,-0.051167,-0.033987,-0.035663,-0.050530
02/28/1977,-0.015638,-0.022400,-0.018894,-0.023645,-0.021660
03/31/1977,-0.012502,-0.014548,0.000757,-0.002610,-0.014025
04/29/1977,0.000641,-0.000503,0.008245,0.006641,0.000203
05/31/1977,-0.015064,-0.023541,-0.013983,-0.019743,-0.023568
06/30/1977,0.047776,0.045705,0.052666,0.049498,0.045360
07/29/1977,-0.015453,-0.016589,-0.017614,-0.019139,-0.016222
08/31/1977,-0.012310,-0.020221,-0.014606,-0.020464,-0.021042
09/30/1977,-0.000825,-0.003084,-0.001940,-0.005207,-0.002480
10/31/1977,-0.041984,-0.043869,-0.037299,-0.039474,-0.043406
11/30/1977,0.036752,0.026953,0.062860,0.056317,0.026966
12/30/1977,0.005570,0.003637,0.001322,-0.001858,0.002847
01/31/1978,-0.060643,-0.062611,-0.052203,-0.054196,-0.061514
02/28/1978,-0.016260,-0.024938,-0.010106,-0.016400,-0.024762
03/31/1978,0.026925,0.024356,0.052852,0.049195,0.024931
04/28/1978,0.088964,0.087593,0.084346,0.082595,0.085416
05/31/1978,0.013719,0.004436,0.033585,0.027039,0.004234
06/30/1978,-0.016578,-0.018953,-0.012138,-0.015439,-0.017585
07/31/1978,0.056974,0.055121,0.061513,0.059432,0.053910
08/31/1978,0.033641,0.025563,0.050556,0.044743,0.025924
09/29/1978,-0.005163,-0.007483,-0.008445,-0.011506,-0.007261
10/31/1978,-0.089570,-0.092269,-0.132708,-0.135258,-0.091574
11/30/1978,0.026771,0.017400,0.028728,0.022027,0.016640
12/29/1978,0.016627,0.014264,0.009073,0.005322,0.014889
01/31/1979,0.042697,0.040161,0.068738,0.066211,0.039746
02/28/1979,-0.028649,-0.036958,-0.030595,-0.036749,-0.036526
03/30/1979,0.057361,0.054825,0.072952,0.069101,0.055152
04/30/1979,0.004183,0.002218,0.010733,0.008284,0.001673
05/31/1979,-0.016818,-0.026303,-0.012932,-0.019439,-0.026336
06/29/1979,0.040324,0.037792,0.051772,0.047840,0.038656
07/31/1979,0.012051,0.009737,0.027324,0.024765,0.008746
08/31/1979,0.061865,0.053222,0.071897,0.065442,0.053078
09/28/1979,0.001416,-0.000872,-0.000964,-0.003896,0.000000
10/31/1979,-0.065560,-0.068517,-0.091444,-0.094343,-0.068606
11/30/1979,0.052777,0.043570,0.065807,0.058867,0.042624
12/31/1979,0.018340,0.015892,0.040352,0.036377,0.016767
01/31/1980,0.061308,0.058935,0.058776,0.056395,0.057625
02/29/1980,0.002611,-0.005574,-0.031633,-0.037766,-0.004380
03/31/1980,-0.097518,-0.100096,-0.105716,-0.109875,-0.101795
04/30/1980,0.042394,0.039877,0.045939,0.043137,0.041140
05/30/1980,0.055560,0.046651,0.081396,0.074573,0.046571
06/30/1980,0.029722,0.026895,0.032730,0.028529,0.026969
07/31/1980,0.068200,0.065630,0.091636,0.089087,0.065039
08/29/1980,0.013454,0.006030,0.026901,0.021016,0.005835
09/30/1980,0.027935,0.025155,0.028600,0.024886,0.025168
10/31/1980,0.017809,0.014742,0.008989,0.005923,0.016021
11/28/1980,0.109910,0.103015,0.064686,0.059359,0.102377
12/31/1980,-0.030634,-0.033006,-0.011078,-0.015066,-0.033874
01/30/1981,-0.043370,-0.045036,-0.011364,-0.013366,-0.045742
02/27/1981,0.021267,0.013492,0.028192,0.022379,0.013277
03/31/1981,0.038285,0.035426,0.082034,0.077860,0.036033
04/30/1981,-0.020211,-0.021967,0.000661,-0.001427,-0.023456
05/29/1981,0.006539,-0.001124,0.017051,0.011688,-0.001657
06/30/1981,-0.008255,-0.011180,-0.008757,-0.012767,-0.010408
07/31/1981,0.000714,-0.000946,-0.017618,-0.019626,-0.002210
08/31/1981,-0.055540,-0.063659,-0.062569,-0.068274,-0.062099
09/30/1981,-0.050466,-0.053500,-0.051380,-0.055580,-0.053832
10/30/1981,0.052115,0.048694,0.058788,0.055661,0.049148
11/30/1981,0.043827,0.035918,0.042338,0.036247,0.036590
12/31/1981,-0.027059,-0.029745,-0.019789,-0.023557,-0.030075
01/29/1982,-0.015367,-0.016874,-0.019549,-0.021498,-0.017544
02/26/1982,-0.050441,-0.059588,-0.036622,-0.042849,-0.060548
03/31/1982,-0.006805,-0.010463,-0.003248,-0.008096,-0.010167
04/30/1982,0.041550,0.040063,0.047615,0.045501,0.040014
05/28/1982,-0.029505,-0.039834,-0.043972,-0.051000,-0.039162
06/30/1982,-0.015779,-0.018934,-0.007225,-0.011401,-0.020290
07/30/1982,-0.020199,-0.022058,-0.015098,-0.017268,-0.022991
08/31/1982,0.127402,0.116647,0.129328,0.121731,0.115977
09/30/1982,0.010496,0.007717,0.016275,0.012506,0.007614
10/29/1982,0.113863,0.111235,0.143918,0.141359,0.110364
11/30/1982,0.045754,0.037554,0.060061,0.054568,0.036123
12/31/1982,0.016835,0.014676,0.015472,0.012346,0.015158
01/31/1983,0.035293,0.033317,0.035262,0.033168,0.033134
02/28/1983,0.025733,0.018539,0.040992,0.036144,0.018995
03/31/1983,0.035470,0.032459,0.051423,0.048001,0.033095
04/29/1983,0.075719,0.074655,0.068731,0.067365,0.074922
05/31/1983,-0.005687,-0.012100,0.025788,0.020797,-0.012346
06/30/1983,0.036970,0.033719,0.031633,0.028802,0.035224
07/29/1983,-0.031238,-0.032321,-0.026509,-0.027889,-0.033014
08/31/1983,0.015864,0.009484,0.004522,-0.000351,0.011319
09/30/1983,0.014153,0.010885,0.026200,0.023373,0.010158
10/31/1983,-0.013108,-0.014695,-0.018816,-0.020633,-0.015174
11/30/1983,0.023846,0.017363,0.047169,0.042412,0.017426
12/30/1983,-0.005749,-0.008699,-0.008631,-0.011392,-0.008834
01/31/1984,-0.003898,-0.005657,-0.013908,-0.015610,-0.009216
02/29/1984,-0.034034,-0.039505,-0.047416,-0.051678,-0.038859
03/30/1984,0.017295,0.013714,0.022524,0.019239,0.013498
04/30/1984,0.006781,0.005229,-0.008973,-0.010726,0.005466
05/31/1984,-0.053131,-0.059544,-0.058790,-0.063507,-0.059356
06/29/1984,0.022937,0.018709,0.031563,0.027846,0.017469
07/31/1984,-0.013765,-0.015641,-0.029442,-0.031390,-0.016451
08/31/1984,0.112438,0.105753,0.128257,0.123064,0.106332
09/28/1984,-0.000064,-0.003292,0.003490,0.000550,-0.003480
10/31/1984,0.003331,0.000216,0.000610,-0.001619,-0.000060
11/30/1984,-0.009841,-0.014950,-0.003016,-0.007266,-0.015112
12/31/1984,0.025556,0.021843,0.024721,0.021253,0.022374
01/31/1985,0.076868,0.074737,0.094720,0.092790,0.074085
02/28/1985,0.014166,0.008886,0.009790,0.005877,0.008685
03/29/1985,-0.000636,-0.003980,-0.003593,-0.006656,-0.002925
04/30/1985,-0.003704,-0.005413,-0.011623,-0.013323,-0.004594
05/31/1985,0.062740,0.056847,0.066695,0.062522,0.054051
06/28/1985,0.016065,0.012925,0.014504,0.011597,0.012134
07/31/1985,-0.003321,-0.005235,0.009243,0.007457,-0.004848
08/30/1985,-0.006473,-0.011871,-0.008381,-0.012437,-0.011995
09/30/1985,-0.033248,-0.036197,-0.044999,-0.047550,-0.034724
10/31/1985,0.045079,0.042653,0.042571,0.040654,0.042509
11/29/1985,0.071887,0.066630,0.074397,0.070386,0.065062
12/31/1985,0.048156,0.045156,0.043535,0.040813,0.045061
01/31/1986,0.004706,0.002962,0.016882,0.015342,0.002367
02/28/1986,0.076525,0.071556,0.080966,0.077509,0.071489
03/31/1986,0.055832,0.053320,0.060394,0.058049,0.052794
04/30/1986,-0.013348,-0.015054,-0.019923,-0.021380,-0.014148
05/30/1986,0.055326,0.050804,0.057889,0.054504,0.050229
06/30/1986,0.015744,0.013310,0.001974,-0.000149,0.014110
07/31/1986,-0.057541,-0.059378,-0.075330,-0.076818,-0.058683
08/29/1986,0.074417,0.070076,0.077913,0.074544,0.071193
09/30/1986,-0.083243,-0.085664,-0.071240,-0.073145,-0.085439
10/31/1986,0.056538,0.053813,0.063058,0.059845,0.054729
11/28/1986,0.024876,0.019717,0.022384,0.018212,0.021477
12/31/1986,-0.027513,-0.030174,-0.032351,-0.034728,-0.028288
01/30/1987,0.135183,0.133724,0.141074,0.139769,0.131767
02/27/1987,0.041778,0.037845,0.059275,0.056598,0.036924
03/31/1987,0.026336,0.023832,0.019910,0.017727,0.026390
04/30/1987,-0.009045,-0.011093,-0.012616,-0.015321,-0.011450
05/29/1987,0.009128,0.005199,0.012787,0.010011,0.006034
06/30/1987,0.050140,0.047654,0.044007,0.041715,0.047915
07/31/1987,0.049843,0.047883,0.065255,0.062815,0.048224
08/31/1987,0.039108,0.035441,0.029417,0.026639,0.034959
09/30/1987,-0.021940,-0.024079,-0.016378,-0.018613,-0.024166
10/30/1987,-0.215795,-0.217944,-0.256070,-0.257781,-0.217630
11/30/1987,-0.081874,-0.086541,-0.062283,-0.065983,-0.085349
12/31/1987,0.073922,0.071025,0.094687,0.091944,0.072861
01/29/1988,0.042712,0.041086,0.050075,0.048666,0.040432
02/29/1988,0.047445,0.040574,0.075351,0.070554,0.041817
03/31/1988,-0.030847,-0.033368,-0.007630,-0.009889,-0.033343
04/29/1988,0.010516,0.008773,0.003409,0.002105,0.009425
05/31/1988,0.008012,0.002882,0.004565,0.000700,0.003176
06/30/1988,0.047676,0.045068,0.060296,0.058011,0.043256
07/29/1988,-0.004458,-0.007393,-0.010679,-0.014683,-0.005411
08/31/1988,-0.032488,-0.037290,-0.033321,-0.037054,-0.038600
09/30/1988,0.042739,0.040086,0.041666,0.039429,0.039729
10/31/1988,0.026891,0.023328,0.013806,0.010892,0.025964
11/30/1988,-0.014355,-0.019770,-0.022981,-0.027705,-0.018891
12/30/1988,0.018553,0.015184,0.027689,0.024537,0.014688
01/31/1989,0.072303,0.069633,0.071117,0.068598,0.071115
02/28/1989,-0.025031,-0.029187,-0.011182,-0.014701,-0.028944
03/31/1989,0.023038,0.020440,0.020053,0.017175,0.020806
04/28/1989,0.051707,0.049899,0.049637,0.048389,0.050090
05/31/1989,0.041022,0.035451,0.047241,0.042324,0.035138
06/30/1989,-0.005611,-0.007940,-0.006750,-0.008871,-0.007925
07/31/1989,0.090053,0.088194,0.082832,0.081447,0.088370
08/31/1989,0.019853,0.015516,0.029177,0.025708,0.015517
09/29/1989,-0.004004,-0.006616,-0.015646,-0.019462,-0.006544
10/31/1989,-0.023639,-0.025668,-0.046675,-0.048199,-0.025175
11/30/1989,0.020479,0.016641,0.012291,0.008920,0.016541
12/29/1989,0.022657,0.019988,0.015265,0.012744,0.021417
01/31/1990,-0.067661,-0.069407,-0.073185,-0.074576,-0.068817
02/28/1990,0.013381,0.008986,0.014022,0.010310,0.008539
03/30/1990,0.026588,0.024360,0.031748,0.029479,0.024255
04/30/1990,-0.024504,-0.026508,-0.040596,-0.042154,-0.026887
05/31/1990,0.097419,0.092408,0.096223,0.092115,0.091989
06/29/1990,-0.006754,-0.008921,-0.014536,-0.016793,-0.008886
07/31/1990,-0.004454,-0.006508,-0.024605,-0.026190,-0.005223
08/31/1990,-0.090801,-0.094897,-0.112374,-0.116285,-0.094314
09/28/1990,-0.048959,-0.051213,-0.073624,-0.075721,-0.051184
10/31/1990,-0.003597,-0.006110,-0.036372,-0.038472,-0.006698
11/30/1990,0.064561,0.059897,0.092115,0.087744,0.059934
12/31/1990,0.027987,0.024954,0.041912,0.038775,0.024828
01/31/1991,0.045001,0.043063,0.082065,0.080434,0.041518
02/28/1991,0.071565,0.067371,0.085194,0.081480,0.067281
03/28/1991,0.024354,0.022312,0.030853,0.028634,0.022203
04/30/1991,0.002268,0.000214,0.005046,0.003352,0.000346
05/31/1991,0.042930,0.038759,0.054462,0.050928,0.038577
06/28/1991,-0.045357,-0.047498,-0.049743,-0.051792,-0.047893
07/31/1991,0.046526,0.044799,0.041944,0.040443,0.044859
08/30/1991,0.023885,0.019912,0.022633,0.018944,0.019649
09/30/1991,-0.016861,-0.019061,-0.019202,-0.021058,-0.019144
10/31/1991,0.013458,0.011899,0.010790,0.009445,0.011860
11/29/1991,-0.040214,-0.043973,-0.050809,-0.054160,-0.043928
12/31/1991,0.114089,0.111476,0.113619,0.111208,0.111588
01/31/1992,-0.018348,-0.019654,0.017853,0.016647,-0.019900
02/28/1992,0.012865,0.009442,0.030385,0.027321,0.009565
03/31/1992,-0.019470,-0.021873,-0.020264,-0.022422,-0.021832
04/30/1992,0.028614,0.027157,0.016597,0.015297,0.027893
05/29/1992,0.004850,0.001087,0.001930,-0.001292,0.000964
06/30/1992,-0.015030,-0.017545,-0.020451,-0.022667,-0.017359
07/31/1992,0.040924,0.039465,0.040790,0.039542,0.039374
08/31/1992,-0.020615,-0.024214,-0.027431,-0.030637,-0.023998
09/30/1992,0.011340,0.008916,0.018991,0.016985,0.009106
10/30/1992,0.004796,0.003455,0.020398,0.019325,0.002106
11/30/1992,0.033794,0.030069,0.044229,0.040785,0.030262
12/31/1992,0.013380,0.011197,0.022532,0.020620,0.010108
01/29/1993,0.007282,0.005964,0.022706,0.021733,0.007046
02/26/1993,0.013526,0.010361,0.010886,0.008018,0.010484
03/31/1993,0.021202,0.018578,0.027450,0.025060,0.018697
04/30/1993,-0.024519,-0.025780,-0.021945,-0.022986,-0.025417
05/28/1993,0.026259,0.022549,0.031630,0.028380,0.022717
06/30/1993,0.003466,0.001095,0.003477,0.001367,0.000755
07/30/1993,-0.004593,-0.005909,-0.000721,-0.001789,-0.005327
08/31/1993,0.037431,0.033957,0.040022,0.036714,0.034432
09/30/1993,-0.007582,-0.009842,-0.006236,-0.008034,-0.009988
10/29/1993,0.019884,0.018590,0.019667,0.018666,0.019393
11/30/1993,-0.008655,-0.012084,-0.008570,-0.011803,-0.012911
12/31/1993,0.012646,0.010617,0.023359,0.021620,0.010091
01/31/1994,0.033429,0.031954,0.037019,0.035801,0.032501
02/28/1994,-0.027161,-0.030121,-0.017379,-0.020103,-0.030045
03/31/1994,-0.043456,-0.045728,-0.043719,-0.045656,-0.045746
04/29/1994,0.012817,0.011477,0.004462,0.003410,0.011531
05/31/1994,0.016309,0.012559,0.012087,0.008621,0.012419
06/30/1994,-0.024762,-0.027113,-0.021933,-0.023789,-0.026812
07/29/1994,0.032714,0.031381,0.033750,0.032604,0.031467
08/31/1994,0.041341,0.037990,0.052232,0.048938,0.037643
09/30/1994,-0.023940,-0.026238,-0.026000,-0.027803,-0.026898
10/31/1994,0.022619,0.021043,0.011997,0.010581,0.020834
11/30/1994,-0.036248,-0.039423,-0.043415,-0.046398,-0.039505
12/30/1994,0.014955,0.012419,0.016548,0.014254,0.012299
01/31/1995,0.026000,0.024348,0.021154,0.019698,0.024278
02/28/1995,0.039228,0.036328,0.044549,0.041677,0.036074
03/31/1995,0.029334,0.027179,0.029457,0.027590,0.027329
04/28/1995,0.029395,0.027914,0.023800,0.022491,0.027960
05/31/1995,0.039809,0.036454,0.035709,0.032540,0.036312
06/30/1995,0.024155,0.022198,0.025803,0.024140,0.021279
07/31/1995,0.033405,0.032023,0.033271,0.032047,0.031776
08/31/1995,0.003495,0.000642,0.007707,0.004788,-0.000320
09/29/1995,0.042102,0.040182,0.024752,0.023133,0.040098
10/31/1995,-0.003442,-0.004864,-0.024119,-0.025353,-0.004979
11/30/1995,0.044179,0.041338,0.050988,0.048080,0.041049
12/29/1995,0.017643,0.015809,0.014641,0.012755,0.017444
01/31/1996,0.034861,0.033415,0.030677,0.029272,0.032617
02/29/1996,0.010088,0.007689,0.012873,0.010448,0.006934
03/29/1996,0.009585,0.007860,0.019612,0.017959,0.007917
04/30/1996,0.015133,0.013857,0.028410,0.027322,0.013431
05/31/1996,0.025257,0.022530,0.013102,0.010467,0.022853
06/28/1996,0.004128,0.002562,-0.009331,-0.010898,0.002257
07/31/1996,-0.044441,-0.046048,-0.055908,-0.057147,-0.045748
08/30/1996,0.021928,0.019589,0.032975,0.030535,0.018814
09/30/1996,0.056035,0.054112,0.049854,0.048156,0.054173
10/31/1996,0.026798,0.025348,0.013655,0.012347,0.026131
11/29/1996,0.076455,0.074218,0.070028,0.067803,0.073376
12/31/1996,-0.019815,-0.021518,-0.016817,-0.018512,-0.021505
01/31/1997,0.062779,0.061689,0.039140,0.038108,0.061317
02/28/1997,0.007752,0.005800,0.013457,0.011391,0.005928
03/31/1997,-0.041653,-0.043310,-0.035120,-0.036683,-0.042614
04/30/1997,0.060274,0.059016,0.032138,0.030870,0.058406
05/30/1997,0.061401,0.059272,0.073897,0.071723,0.058577
06/30/1997,0.044103,0.042762,0.038820,0.037303,0.043453
07/31/1997,0.080388,0.078977,0.079766,0.078636,0.078123
08/29/1997,-0.054970,-0.056458,-0.028003,-0.029745,-0.057446
09/30/1997,0.053886,0.052408,0.051665,0.050189,0.053154
10/31/1997,-0.032605,-0.033730,-0.043194,-0.044241,-0.034478
11/28/1997,0.046321,0.044625,0.031342,0.029479,0.044587
12/31/1997,0.017147,0.015700,0.015319,0.013788,0.015732
01/30/1998,0.011994,0.011080,-0.002326,-0.003152,0.010150
02/27/1998,0.071956,0.070303,0.078865,0.077036,0.070449
03/31/1998,0.051336,0.050104,0.050179,0.048835,0.049946
04/30/1998,0.011275,0.010232,0.004209,0.003227,0.009076
05/29/1998,-0.017674,-0.019206,-0.024932,-0.026546,-0.018826
06/30/1998,0.040970,0.039800,0.010836,0.009456,0.039438
07/31/1998,-0.010109,-0.011112,-0.044451,-0.045311,-0.011615
08/31/1998,-0.143124,-0.144504,-0.148456,-0.150280,-0.145797
09/30/1998,0.063176,0.061612,0.060341,0.058597,0.062396
10/30/1998,0.080111,0.079144,0.088840,0.087860,0.080294
11/30/1998,0.062164,0.060685,0.050710,0.048847,0.059126
12/31/1998,0.059673,0.058454,0.029082,0.027529,0.056375
01/29/1999,0.042800,0.042000,0.010847,0.010044,0.041009
02/26/1999,-0.031935,-0.033156,-0.019371,-0.021184,-0.032283
03/31/1999,0.038979,0.037774,0.021855,0.020209,0.038794
04/30/1999,0.037559,0.036771,0.096934,0.095960,0.037944
05/28/1999,-0.023159,-0.024833,-0.001112,-0.003032,-0.024970
06/30/1999,0.054431,0.053398,0.041249,0.039867,0.054438
07/30/1999,-0.030220,-0.031084,-0.034555,-0.035454,-0.032046
08/31/1999,-0.004989,-0.006251,-0.022216,-0.023947,-0.006254
09/30/1999,-0.028079,-0.029257,-0.039403,-0.040891,-0.028552
10/29/1999,0.064238,0.063512,0.030970,0.029995,0.062539
11/30/1999,0.020822,0.019547,-0.001732,-0.003641,0.019062
12/31/1999,0.062579,0.061549,0.044205,0.042538,0.057844
01/31/2000,-0.049606,-0.050273,-0.057249,-0.058164,-0.050904
02/29/2000,-0.017459,-0.018667,-0.045099,-0.047119,-0.020108
03/31/2000,0.098492,0.097434,0.109941,0.107996,0.096720
04/28/2000,-0.031585,-0.032308,0.008073,0.007029,-0.030796
05/31/2000,-0.022304,-0.023617,0.016657,0.014376,-0.021915
06/30/2000,0.026219,0.025497,-0.019605,-0.021009,0.023934
07/31/2000,-0.012795,-0.013559,0.003866,0.002818,-0.016341
08/31/2000,0.062594,0.061275,0.074144,0.071748,0.060699
09/29/2000,-0.052088,-0.052795,-0.013813,-0.015103,-0.053483
10/31/2000,-0.004120,-0.004829,0.021097,0.020159,-0.004949
11/30/2000,-0.078268,-0.079557,-0.045453,-0.047623,-0.080069
12/29/2000,0.005720,0.004861,0.066751,0.065496,0.004053
01/31/2001,0.032375,0.031555,0.053414,0.052623,0.034637
02/28/2001,-0.090952,-0.092131,-0.044749,-0.046467,-0.092291
03/30/2001,-0.063706,-0.064587,-0.049836,-0.051024,-0.064205
04/30/2001,0.077825,0.076981,0.084729,0.084000,0.076814
05/31/2001,0.006870,0.005330,0.017687,0.015861,0.005090
06/29/2001,-0.024506,-0.025183,-0.015805,-0.016825,-0.025004
07/31/2001,-0.009317,-0.010248,-0.009180,-0.009915,-0.010772
08/31/2001,-0.063435,-0.064933,-0.043659,-0.045377,-0.064108
09/28/2001,-0.080361,-0.081352,-0.124472,-0.125526,-0.081723
10/31/2001,0.019542,0.018547,0.042117,0.041315,0.018099
11/30/2001,0.078787,0.077259,0.102273,0.100571,0.075176
12/31/2001,0.009051,0.007849,0.030572,0.029262,0.007574
01/31/2002,-0.014324,-0.015320,-0.002527,-0.003289,-0.015574
02/28/2002,-0.019481,-0.020973,-0.011293,-0.012721,-0.020766
03/28/2002,0.037572,0.036690,0.067365,0.066228,0.036739
04/30/2002,-0.061001,-0.061826,-0.036342,-0.036988,-0.061418
05/31/2002,-0.007800,-0.009438,-0.012256,-0.013828,-0.009081
06/28/2002,-0.071349,-0.072611,-0.080675,-0.081861,-0.072465
07/31/2002,-0.073987,-0.075074,-0.105229,-0.106106,-0.078995
08/30/2002,0.007061,0.005401,0.012241,0.010652,0.004881
09/30/2002,-0.108965,-0.110421,-0.115309,-0.116645,-0.110013
10/31/2002,0.088599,0.087103,0.073063,0.071851,0.086436
11/29/2002,0.059019,0.057288,0.110251,0.108353,0.057070
12/31/2002,-0.058834,-0.060464,-0.051344,-0.052995,-0.060333
01/31/2003,-0.026579,-0.027860,-0.025525,-0.026377,-0.027415
02/28/2003,-0.015246,-0.017225,-0.022303,-0.024039,-0.017004
03/31/2003,0.010308,0.008967,0.005085,0.003585,0.008358
04/30/2003,0.082774,0.081462,0.103509,0.102385,0.081044
05/30/2003,0.053251,0.051508,0.096073,0.094441,0.050899
06/30/2003,0.012816,0.011351,0.007649,0.006213,0.011322
07/31/2003,0.017932,0.016505,0.028370,0.027302,0.016224
08/29/2003,0.019597,0.018014,0.044604,0.043044,0.017873
09/30/2003,-0.010737,-0.012107,-0.016561,-0.017897,-0.011944
10/31/2003,0.055560,0.053970,0.070988,0.069986,0.054962
11/28/2003,0.009259,0.007606,0.021267,0.019610,0.007129
12/31/2003,0.051780,0.050107,0.053166,0.051498,0.050765
01/30/2004,0.019078,0.017991,0.024211,0.023439,0.017276
02/27/2004,0.014403,0.012716,0.020902,0.019433,0.012209
03/31/2004,-0.014982,-0.016267,-0.005810,-0.007174,-0.016359
04/30/2004,-0.015584,-0.016719,-0.024546,-0.025387,-0.016791
05/28/2004,0.013629,0.012024,0.019374,0.017895,0.012083
06/30/2004,0.019488,0.018019,0.030320,0.028934,0.017989
07/30/2004,-0.032954,-0.034111,-0.043144,-0.044004,-0.034291
08/31/2004,0.003807,0.002019,-0.002948,-0.004771,0.002287
09/30/2004,0.010817,0.009347,0.027570,0.026265,0.009364
10/29/2004,0.014973,0.013699,0.024507,0.023589,0.014014
11/30/2004,0.040559,0.035572,0.058717,0.056860,0.038595
12/31/2004,0.033734,0.032086,0.037578,0.035933,0.032458
01/31/2005,-0.023824,-0.024749,-0.029473,-0.030169,-0.025290
02/28/2005,0.021152,0.019015,0.020327,0.018756,0.018903
03/31/2005,-0.017240,-0.018729,-0.012797,-0.014308,-0.019118
04/29/2005,-0.018926,-0.020076,-0.030961,-0.031763,-0.020109
05/31/2005,0.031994,0.030156,0.048563,0.047029,0.029952
06/30/2005,0.001717,0.000139,0.014499,0.013112,-0.000143
07/29/2005,0.037364,0.036163,0.051383,0.050538,0.035968
08/31/2005,-0.009159,-0.011265,-0.009789,-0.011389,-0.011222
09/30/2005,0.008067,0.006916,0.008281,0.007062,0.006949
10/31/2005,-0.015673,-0.016698,-0.023467,-0.024333,-0.017741
11/30/2005,0.038289,0.035675,0.043744,0.041691,0.035186
12/30/2005,-0.000060,-0.001396,0.008022,0.006570,-0.000952
01/31/2006,0.026426,0.025407,0.041378,0.040514,0.025467
02/28/2006,0.002425,0.000167,0.002951,0.001373,0.000453
03/31/2006,0.012909,0.011511,0.017915,0.016503,0.011065
04/28/2006,0.012064,0.010850,0.010538,0.009691,0.012187
05/31/2006,-0.028319,-0.030519,-0.028304,-0.029964,-0.030917
06/30/2006,0.001587,0.000348,-0.001960,-0.003270,0.000087
07/31/2006,0.005571,0.004510,-0.014294,-0.015115,0.005086
08/31/2006,0.024150,0.021679,0.030420,0.028695,0.021274
09/29/2006,0.026487,0.025296,0.026354,0.025107,0.024566
10/31/2006,0.032528,0.031421,0.036768,0.035605,0.031508
11/30/2006,0.018385,0.015887,0.025339,0.023503,0.016467
12/29/2006,0.013768,0.012294,0.008267,0.006709,0.012616
01/31/2007,0.015318,0.014350,0.023825,0.023078,0.014059
02/28/2007,-0.019288,-0.021598,-0.003043,-0.004504,-0.021846
03/30/2007,0.010894,0.009679,0.007339,0.005983,0.009980
04/30/2007,0.043991,0.042857,0.043294,0.041862,0.043291
05/31/2007,0.034459,0.032154,0.032550,0.030965,0.032549
06/29/2007,-0.016620,-0.017829,-0.018468,-0.019701,-0.017816
07/31/2007,-0.031197,-0.032284,-0.045079,-0.045903,-0.031982
08/31/2007,0.015094,0.012859,0.000895,-0.000985,0.012864
09/28/2007,0.037468,0.035923,0.024308,0.022877,0.035794
10/31/2007,0.017360,0.016292,0.013447,0.012615,0.014822
11/30/2007,-0.041382,-0.043581,-0.049793,-0.051698,-0.044043
12/31/2007,-0.006116,-0.007903,-0.016719,-0.018747,-0.008628
01/31/2008,-0.061166,-0.062332,-0.045038,-0.045904,-0.061163
02/29/2008,-0.031419,-0.033693,-0.029501,-0.031274,-0.034761
03/31/2008,-0.003400,-0.005055,-0.012729,-0.014528,-0.005960
04/30/2008,0.048629,0.047490,0.052409,0.051516,0.047547
05/30/2008,0.012986,0.010708,0.025677,0.023675,0.010674
06/30/2008,-0.082819,-0.084545,-0.098259,-0.099971,-0.085962
07/31/2008,-0.007306,-0.008738,-0.003641,-0.004894,-0.009859
08/29/2008,0.014955,0.012682,0.028359,0.026313,0.012191
09/30/2008,-0.085467,-0.087287,-0.103388,-0.105272,-0.090791
10/31/2008,-0.166981,-0.168456,-0.207562,-0.208677,-0.169425
11/28/2008,-0.073512,-0.076514,-0.103635,-0.106579,-0.074849
12/31/2008,0.011995,0.009229,0.044007,0.040642,0.007822
01/30/2009,-0.082615,-0.084039,-0.078402,-0.079270,-0.085657
02/27/2009,-0.103584,-0.107398,-0.116939,-0.119918,-0.109931
03/31/2009,0.087634,0.084154,0.109438,0.105672,0.085405
04/30/2009,0.094230,0.092550,0.184857,0.183568,0.093925
05/29/2009,0.054640,0.051848,0.062487,0.060109,0.053081
06/30/2009,0.002476,0.000680,-0.004651,-0.006631,0.000196
07/31/2009,0.074482,0.073101,0.093928,0.093046,0.074142
08/31/2009,0.034751,0.032255,0.057829,0.055677,0.033560
09/30/2009,0.036534,0.034978,0.052527,0.050787,0.035723
10/30/2009,-0.018259,-0.019458,-0.034448,-0.035198,-0.019762
11/30/2009,0.060257,0.057607,0.054502,0.051918,0.057364
12/31/2009,0.018983,0.017346,0.048224,0.046469,0.017771
01/29/2010,-0.035751,-0.036781,-0.030955,-0.031612,-0.036974
02/26/2010,0.030426,0.028015,0.043365,0.041277,0.028514
03/31/2010,0.061014,0.059430,0.071014,0.069189,0.058796
04/30/2010,0.015977,0.014957,0.028049,0.027344,0.014759
05/28/2010,-0.080111,-0.082337,-0.073486,-0.075298,-0.081976
06/30/2010,-0.053525,-0.055115,-0.061839,-0.063510,-0.053882
07/30/2010,0.070451,0.068620,0.073614,0.071307,0.068778
08/31/2010,-0.045434,-0.047840,-0.048286,-0.050240,-0.047449
09/30/2010,0.090383,0.088751,0.104307,0.102651,0.087551
10/29/2010,0.038726,0.037081,0.035946,0.034516,0.036856
11/30/2010,-0.000051,-0.002571,0.008205,0.005952,-0.002290
12/31/2010,0.067054,0.065249,0.072134,0.069927,0.065300
01/31/2011,0.023349,0.022319,0.021935,0.021193,0.022646
02/28/2011,0.032508,0.030251,0.041109,0.039253,0.031957
03/31/2011,0.000625,-0.000867,0.009007,0.007430,-0.001047
04/29/2011,0.029441,0.028358,0.031626,0.030817,0.028495
05/31/2011,-0.011313,-0.013573,-0.005579,-0.007504,-0.013501
06/30/2011,-0.016545,-0.018106,-0.019098,-0.020726,-0.018258
07/29/2011,-0.019828,-0.020982,-0.035333,-0.036115,-0.021474
08/31/2011,-0.054322,-0.056734,-0.063472,-0.065472,-0.056791
09/30/2011,-0.070238,-0.071739,-0.090694,-0.092357,-0.071762
10/31/2011,0.109023,0.107563,0.134450,0.133462,0.107723
11/30/2011,-0.002727,-0.005552,-0.006582,-0.009090,-0.005059
12/30/2011,0.009427,0.007613,0.001153,-0.000869,0.008533
01/31/2012,0.045206,0.044003,0.056398,0.055587,0.043583
02/29/2012,0.043340,0.040744,0.041965,0.039871,0.040589
03/30/2012,0.032866,0.031282,0.023131,0.021270,0.031332
04/30/2012,-0.006034,-0.007237,-0.007804,-0.008686,-0.007497
05/31/2012,-0.059790,-0.062433,-0.070752,-0.072967,-0.062651
06/29/2012,0.041465,0.039888,0.038297,0.036476,0.039555
07/31/2012,0.014363,0.013096,0.002866,0.001957,0.012598
08/31/2012,0.022744,0.019938,0.030790,0.028391,0.019763
09/28/2012,0.025120,0.023547,0.024009,0.022222,0.024236
10/31/2012,-0.017837,-0.019227,-0.007577,-0.008821,-0.019789
11/30/2012,0.005326,0.002154,0.013640,0.010684,0.002847
12/31/2012,0.008508,0.005902,0.024486,0.021415,0.007068
01/31/2013,0.052361,0.051024,0.065471,0.064660,0.050428
02/28/2013,0.013013,0.010511,0.011986,0.010007,0.011061
03/28/2013,0.037584,0.036025,0.042925,0.040986,0.035988
04/30/2013,0.019621,0.018482,0.015737,0.014960,0.018086
05/31/2013,0.023120,0.020441,0.028394,0.026278,0.020763
06/28/2013,-0.013601,-0.015262,-0.010495,-0.012486,-0.014999
07/31/2013,0.050672,0.049287,0.055144,0.054234,0.049462
08/30/2013,-0.029207,-0.031638,-0.027829,-0.029855,-0.031298
09/30/2013,0.031660,0.030064,0.040402,0.038552,0.029749
10/31/2013,0.046268,0.044953,0.042828,0.041839,0.044596
11/29/2013,0.030817,0.028398,0.023739,0.021743,0.028049
12/31/2013,0.025950,0.024196,0.029739,0.027710,0.023563
01/31/2014,-0.034666,-0.035732,-0.029735,-0.030570,-0.035583
02/28/2014,0.045757,0.043194,0.053918,0.051783,0.043117
03/31/2014,0.008056,0.006537,0.007246,0.005368,0.006932
04/30/2014,0.006555,0.005388,0.003358,0.002494,0.006201
05/30/2014,0.023309,0.020895,0.023075,0.021072,0.021030
06/30/2014,0.020635,0.019048,0.028313,0.026465,0.019058
07/31/2014,-0.013974,-0.015278,-0.022524,-0.023461,-0.015080
08/29/2014,0.039777,0.037446,0.042780,0.040768,0.037655
09/30/2014,-0.013928,-0.015467,-0.025297,-0.027212,-0.015514
10/31/2014,0.023972,0.022800,0.029874,0.028922,0.023201
11/28/2014,0.027631,0.025159,0.024246,0.021776,0.024534
12/31/2014,-0.002473,-0.004249,0.003469,0.001453,-0.004189
01/30/2015,-0.029430,-0.030468,-0.028079,-0.028807,-0.031041
02/27/2015,0.057008,0.054305,0.058624,0.056319,0.054893
03/31/2015,-0.014993,-0.016628,-0.008459,-0.010390,-0.017396
04/30/2015,0.009101,0.008004,0.003948,0.003039,0.008521
05/29/2015,0.012522,0.010141,0.008756,0.006719,0.010491
06/30/2015,-0.019343,-0.021020,-0.021924,-0.023766,-0.021012
07/31/2015,0.021297,0.020101,0.009476,0.008606,0.019742
08/31/2015,-0.060086,-0.062433,-0.053687,-0.055650,-0.062581
09/30/2015,-0.024547,-0.026258,-0.033593,-0.035655,-0.026443
10/30/2015,0.083448,0.082048,0.073634,0.072417,0.082983
11/30/2015,0.003373,0.000817,0.002899,0.000376,0.000505
12/31/2015,-0.015247,-0.017076,-0.025283,-0.027383,-0.017530
01/29/2016,-0.049100,-0.050250,-0.055963,-0.056826,-0.050735
02/29/2016,-0.001742,-0.004457,0.011832,0.009526,-0.004128
03/31/2016,0.067340,0.065146,0.081025,0.078068,0.065991
04/29/2016,0.003747,0.002576,0.012821,0.011978,0.002699
05/31/2016,0.018487,0.015886,0.014480,0.012276,0.015329
06/30/2016,0.002675,0.001002,-0.000108,-0.002048,0.000906
07/29/2016,0.036571,0.035324,0.043329,0.042516,0.035610
08/31/2016,0.001247,-0.001396,0.002249,0.000066,-0.001219
09/30/2016,0.000446,-0.001033,0.000625,-0.001234,-0.001234
10/31/2016,-0.017958,-0.019207,-0.024156,-0.025196,-0.019426
11/30/2016,0.035790,0.033007,0.051613,0.049337,0.034174
12/30/2016,0.019199,0.017568,0.010788,0.008847,0.018201
